resolution,frame_no,pts,codec,source_width,source_height,decode_ms,push_block_ms,app_to_dec_ms,dec_to_conv_ms,conv_to_sink_ms,display_ms,frame_interval_ms,queue_depth,decoded_at
1920x1080,1,0,H.265,1920,1080,159.305,0.009504,-1,-1,-1,21.0284,-1,16,2026-08-04 17:56:57
1920x1080,2,40000000,H.265,1920,1080,189.856,0.017632,-1,-1,-1,12.0356,30.7552,16,2026-08-04 17:56:57
1920x1080,3,80000000,H.265,1920,1080,208.372,0.017632,-1,-1,-1,11.768,18.5747,15,2026-08-04 17:56:57
1920x1080,4,120000000,H.265,1920,1080,227.565,0.019201,-1,-1,-1,14.4599,19.2214,15,2026-08-04 17:56:57
1920x1080,5,160000000,H.265,1920,1080,249.152,0.019905,-1,-1,-1,12.0615,21.6129,15,2026-08-04 17:56:57
1920x1080,6,200000000,H.265,1920,1080,268.202,0.019905,-1,-1,-1,10.1958,19.0725,14,2026-08-04 17:56:57
1920x1080,7,240000000,H.265,1920,1080,285.625,0.019905,-1,-1,-1,12.1518,17.4684,13,2026-08-04 17:56:57
1920x1080,8,280000000,H.265,1920,1080,304.218,0.015361,-1,-1,-1,9.84994,18.6229,13,2026-08-04 17:56:57
1920x1080,9,320000000,H.265,1920,1080,319.581,0.015361,-1,-1,-1,11.1275,17.4481,12,2026-08-04 17:56:57
1920x1080,10,360000000,H.265,1920,1080,336.673,0.021696,-1,-1,-1,12.0258,17.7445,12,2026-08-04 17:56:57
1920x1080,11,400000000,H.265,1920,1080,355.757,0.021696,-1,-1,-1,16.032,19.1457,11,2026-08-04 17:56:57
1920x1080,12,440000000,H.265,1920,1080,378.141,0.018785,-1,-1,-1,12.3321,22.4767,11,2026-08-04 17:56:57
1920x1080,13,480000000,H.265,1920,1080,398.737,0.018785,-1,-1,-1,10.5138,20.6524,10,2026-08-04 17:56:57
1920x1080,14,520000000,H.265,1920,1080,406.535,0.017792,-1,-1,-1,11.2262,17.7948,10,2026-08-04 17:56:57
1920x1080,15,560000000,H.265,1920,1080,384.427,0.017792,-1,-1,-1,9.85027,18.6356,9,2026-08-04 17:56:57
1920x1080,16,600000000,H.265,1920,1080,362.048,0.014784,-1,-1,-1,10.5118,17.3652,9,2026-08-04 17:56:57
1920x1080,17,640000000,H.265,1920,1080,347.569,0.014784,-1,-1,-1,11.1808,19.0898,8,2026-08-04 17:56:57
1920x1080,18,680000000,H.265,1920,1080,325.44,0.017185,-1,-1,-1,14.826,17.846,8,2026-08-04 17:56:58
1920x1080,19,720000000,H.265,1920,1080,305.802,0.017185,-1,-1,-1,15.1492,22.4006,7,2026-08-04 17:56:58
1920x1080,20,760000000,H.265,1920,1080,289.036,0.028864,-1,-1,-1,17.7026,22.4529,7,2026-08-04 17:56:58
1920x1080,21,800000000,H.265,1920,1080,275.524,0.028864,-1,-1,-1,15.8206,25.6759,6,2026-08-04 17:56:58
1920x1080,22,840000000,H.265,1920,1080,259.645,0.018721,-1,-1,-1,16.174,24.3554,6,2026-08-04 17:56:58
1920x1080,23,880000000,H.265,1920,1080,244.44,0.023169,-1,-1,-1,17.376,25.8506,6,2026-08-04 17:56:58
1920x1080,24,920000000,H.265,1920,1080,232.228,0.023169,-1,-1,-1,17.7734,27.2363,5,2026-08-04 17:56:58
1920x1080,25,960000000,H.265,1920,1080,218.524,0.018208,-1,-1,-1,12.7831,27.6027,5,2026-08-04 17:56:58
1920x1080,26,1000000000,H.265,1920,1080,202.472,0.018336,-1,-1,-1,20.0845,23.0406,5,2026-08-04 17:56:58
1920x1080,27,1040000000,H.265,1920,1080,190.785,0.018336,-1,-1,-1,13.0907,30.2158,4,2026-08-04 17:56:58
1920x1080,28,1080000000,H.265,1920,1080,176.175,0.02176,-1,-1,-1,18.2395,22.9203,4,2026-08-04 17:56:58
1920x1080,29,1120000000,H.265,1920,1080,163.371,0.02176,-1,-1,-1,20.6787,27.9925,3,2026-08-04 17:56:58
1920x1080,30,1160000000,H.265,1920,1080,154.239,0.022752,-1,-1,-1,20.0685,30.3906,3,2026-08-04 17:56:58
1920x1080,31,1200000000,H.265,1920,1080,142.328,0.020289,-1,-1,-1,14.679,29.1805,3,2026-08-04 17:56:58
1920x1080,32,1240000000,H.265,1920,1080,127.342,0.019585,-1,-1,-1,15.4836,24.0217,3,2026-08-04 17:56:58
1920x1080,33,1280000000,H.265,1920,1080,102.619,0.019585,-1,-1,-1,19.4551,24.9266,2,2026-08-04 17:56:58
1920x1080,34,1320000000,H.265,1920,1080,105.414,0.020928,-1,-1,-1,16.6226,47.7989,3,2026-08-04 17:56:58
1920x1080,35,1360000000,H.265,1920,1080,108.552,0.020928,-1,-1,-1,11.2689,26.2852,2,2026-08-04 17:56:58
1920x1080,36,1400000000,H.265,1920,1080,97.8184,0.018721,-1,-1,-1,17.4865,34.3958,2,2026-08-04 17:56:58
1920x1080,37,1440000000,H.265,1920,1080,100.111,0.020577,-1,-1,-1,18.3061,37.4718,2,2026-08-04 17:56:58
1920x1080,38,1480000000,H.265,1920,1080,96.2787,0.025921,-1,-1,-1,13.1894,41.1377,2,2026-08-04 17:56:58
1920x1080,39,1520000000,H.265,1920,1080,97.1381,0.021537,-1,-1,-1,17.4076,37.209,2,2026-08-04 17:56:58
1920x1080,40,1560000000,H.265,1920,1080,95.5872,0.024641,-1,-1,-1,16.4708,40.4156,2,2026-08-04 17:56:58
1920x1080,41,1600000000,H.265,1920,1080,98.9814,0.023073,-1,-1,-1,17.9925,40.5647,2,2026-08-04 17:56:58
1920x1080,42,1640000000,H.265,1920,1080,97.1964,0.023776,-1,-1,-1,19.202,38.8992,2,2026-08-04 17:56:58
1920x1080,43,1680000000,H.265,1920,1080,99.4293,0.016544,-1,-1,-1,12.8689,42.1352,2,2026-08-04 17:56:58
1920x1080,44,1720000000,H.265,1920,1080,99.5242,0.015585,-1,-1,-1,16.7672,39.2457,2,2026-08-04 17:56:58
1920x1080,45,1760000000,H.265,1920,1080,99.2131,0.022464,-1,-1,-1,15.7424,42.1546,2,2026-08-04 17:56:58
1920x1080,46,1800000000,H.265,1920,1080,95.845,0.024577,-1,-1,-1,14.7505,35.7732,2,2026-08-04 17:56:58
1920x1080,47,1840000000,H.265,1920,1080,96.2373,0.023553,-1,-1,-1,15.4853,42.4595,2,2026-08-04 17:56:58
1920x1080,48,1880000000,H.265,1920,1080,94.7484,0.019553,-1,-1,-1,16.5198,35.2735,2,2026-08-04 17:56:58
1920x1080,49,1920000000,H.265,1920,1080,95.3772,0.016993,-1,-1,-1,17.1887,44.0757,2,2026-08-04 17:56:59
1920x1080,50,1960000000,H.265,1920,1080,99.0788,0.021536,-1,-1,-1,15.631,39.9366,2,2026-08-04 17:56:59
1920x1080,51,2000000000,H.265,1920,1080,96.3685,0.022465,-1,-1,-1,15.45,40.7139,2,2026-08-04 17:56:59
1920x1080,52,2040000000,H.265,1920,1080,98.3313,0.021505,-1,-1,-1,15.1752,38.5956,2,2026-08-04 17:56:59
1920x1080,53,2080000000,H.265,1920,1080,99.141,0.015232,-1,-1,-1,15.0944,42.13,2,2026-08-04 17:56:59
1920x1080,54,2120000000,H.265,1920,1080,96.6227,0.015328,-1,-1,-1,15.3055,37.0059,2,2026-08-04 17:56:59
1920x1080,55,2160000000,H.265,1920,1080,95.555,0.024448,-1,-1,-1,15.5906,40.9986,2,2026-08-04 17:56:59
1920x1080,56,2200000000,H.265,1920,1080,139.36,0.022624,-1,-1,-1,15.9402,81.1553,2,2026-08-04 17:56:59
1920x1080,57,2240000000,H.265,1920,1080,130.71,0.021761,-1,-1,-1,16.232,32.6437,3,2026-08-04 17:56:59
1920x1080,58,2280000000,H.265,1920,1080,75.6351,0.021761,-1,-1,-1,11.4857,25.582,2,2026-08-04 17:56:59
1920x1080,59,2320000000,H.265,1920,1080,85.6569,0.025185,-1,-1,-1,15.5055,40.9578,2,2026-08-04 17:56:59
1920x1080,60,2360000000,H.265,1920,1080,103.405,0.022721,-1,-1,-1,10.7901,24.3817,2,2026-08-04 17:56:59
1920x1080,61,2400000000,H.265,1920,1080,96.7641,0.021153,-1,-1,-1,14.9945,36.501,2,2026-08-04 17:56:59
1920x1080,62,2440000000,H.265,1920,1080,91.5773,0.022529,-1,-1,-1,18.3068,36.0526,2,2026-08-04 17:56:59
1920x1080,63,2480000000,H.265,1920,1080,96.0803,0.025985,-1,-1,-1,15.527,42.991,2,2026-08-04 17:56:59
1920x1080,64,2520000000,H.265,1920,1080,97.1402,0.017025,-1,-1,-1,18.3729,38.1524,2,2026-08-04 17:56:59
1920x1080,65,2560000000,H.265,1920,1080,93.8477,0.018816,-1,-1,-1,14.9843,38.6516,2,2026-08-04 17:56:59
1920x1080,66,2600000000,H.265,1920,1080,99.789,0.020993,-1,-1,-1,15.289,44.1073,2,2026-08-04 17:56:59
1920x1080,67,2640000000,H.265,1920,1080,98.4426,0.017697,-1,-1,-1,16.4041,38.6559,2,2026-08-04 17:56:59
1920x1080,68,2680000000,H.265,1920,1080,97.7503,0.018049,-1,-1,-1,10.7971,41.0843,2,2026-08-04 17:56:59
1920x1080,69,2720000000,H.265,1920,1080,93.9931,0.01424,-1,-1,-1,17.4787,37.8652,2,2026-08-04 17:56:59
1920x1080,70,2760000000,H.265,1920,1080,95.7227,0.016096,-1,-1,-1,15.8981,40.3061,2,2026-08-04 17:56:59
1920x1080,71,2800000000,H.265,1920,1080,97.5772,0.023425,-1,-1,-1,14.973,40.3341,2,2026-08-04 17:56:59
1920x1080,72,2840000000,H.265,1920,1080,96.3533,0.022176,-1,-1,-1,15.6421,39.8871,2,2026-08-04 17:56:59
1920x1080,73,2880000000,H.265,1920,1080,98.1849,0.022369,-1,-1,-1,15.3723,40.4993,2,2026-08-04 17:56:59
1920x1080,74,2920000000,H.265,1920,1080,97.8954,0.0216,-1,-1,-1,18.042,41.0442,2,2026-08-04 17:57:00
1920x1080,75,2960000000,H.265,1920,1080,96.4639,0.022017,-1,-1,-1,15.7952,37.4836,2,2026-08-04 17:57:00
1920x1080,76,3000000000,H.265,1920,1080,95.947,0.022945,-1,-1,-1,15.4755,42.6365,2,2026-08-04 17:57:00
1920x1080,77,3040000000,H.265,1920,1080,96.6336,0.021536,-1,-1,-1,17.6353,37.3591,2,2026-08-04 17:57:00
1920x1080,78,3080000000,H.265,1920,1080,101.469,0.023169,-1,-1,-1,15.523,45.8261,2,2026-08-04 17:57:00
1920x1080,79,3120000000,H.265,1920,1080,97.1662,0.022144,-1,-1,-1,17.2876,34.8576,2,2026-08-04 17:57:00
1920x1080,80,3160000000,H.265,1920,1080,95.0803,0.015425,-1,-1,-1,17.0613,41.7237,2,2026-08-04 17:57:00
1920x1080,81,3200000000,H.265,1920,1080,134.358,0.087779,-1,-1,-1,18.7038,75.7319,2,2026-08-04 17:57:00
1920x1080,82,3240000000,H.265,1920,1080,125.246,0.017248,-1,-1,-1,17.9371,32.0054,3,2026-08-04 17:57:00
1920x1080,83,3280000000,H.265,1920,1080,80.7293,0.017248,-1,-1,-1,19.4881,27.5475,2,2026-08-04 17:57:00
1920x1080,84,3320000000,H.265,1920,1080,90.2654,0.017568,-1,-1,-1,16.2028,43.9676,2,2026-08-04 17:57:00
1920x1080,85,3360000000,H.265,1920,1080,107.159,0.025025,-1,-1,-1,12.5651,29.3371,2,2026-08-04 17:57:00
1920x1080,86,3400000000,H.265,1920,1080,99.0952,0.014304,-1,-1,-1,12.4424,33.4347,2,2026-08-04 17:57:00
1920x1080,87,3440000000,H.265,1920,1080,83.9869,0.051874,-1,-1,-1,12.6226,34.8035,2,2026-08-04 17:57:00
1920x1080,88,3480000000,H.265,1920,1080,93.6882,0.05597,-1,-1,-1,15.3711,42.5691,2,2026-08-04 17:57:00
1920x1080,89,3520000000,H.265,1920,1080,97.2224,0.014529,-1,-1,-1,17.3387,39.1732,2,2026-08-04 17:57:00
1920x1080,90,3560000000,H.265,1920,1080,95.103,0.021024,-1,-1,-1,15.6926,38.4948,2,2026-08-04 17:57:00
1920x1080,91,3600000000,H.265,1920,1080,98.0484,0.013376,-1,-1,-1,15.5447,42.9323,2,2026-08-04 17:57:00
1920x1080,92,3640000000,H.265,1920,1080,95.7522,0.020352,-1,-1,-1,17.527,36.9918,2,2026-08-04 17:57:00
1920x1080,93,3680000000,H.265,1920,1080,98.9712,0.022593,-1,-1,-1,15.9979,44.1513,2,2026-08-04 17:57:00
1920x1080,94,3720000000,H.265,1920,1080,96.7697,0.02272,-1,-1,-1,17.6552,36.9543,2,2026-08-04 17:57:00
1920x1080,95,3760000000,H.265,1920,1080,99.7564,0.023009,-1,-1,-1,16.0205,44.5152,2,2026-08-04 17:57:00
1920x1080,96,3800000000,H.265,1920,1080,98.217,0.023489,-1,-1,-1,11.0107,36.4714,2,2026-08-04 17:57:00
1920x1080,97,3840000000,H.265,1920,1080,94.544,0.023745,-1,-1,-1,15.8738,40.244,2,2026-08-04 17:57:00
1920x1080,98,3880000000,H.265,1920,1080,97.8836,0.023329,-1,-1,-1,15.6916,39.7423,2,2026-08-04 17:57:00
1920x1080,99,3920000000,H.265,1920,1080,98.4775,0.017088,-1,-1,-1,17.5458,42.3291,2,2026-08-04 17:57:01
1920x1080,100,3960000000,H.265,1920,1080,96.7616,0.020225,-1,-1,-1,16.2031,36.5181,2,2026-08-04 17:57:01
1920x1080,101,4000000000,H.265,1920,1080,96.7606,0.019009,-1,-1,-1,17.116,43.9919,2,2026-08-04 17:57:01
1920x1080,102,4040000000,H.265,1920,1080,97.6669,0.016385,-1,-1,-1,23.5717,37.2959,2,2026-08-04 17:57:01
1920x1080,103,4080000000,H.265,1920,1080,96.7299,0.015296,-1,-1,-1,16.9682,41.4947,2,2026-08-04 17:57:01
1920x1080,104,4120000000,H.265,1920,1080,100.565,0.021792,-1,-1,-1,12.0965,40.863,2,2026-08-04 17:57:01
1920x1080,105,4160000000,H.265,1920,1080,97.7921,0.021505,-1,-1,-1,16.2747,39.5192,2,2026-08-04 17:57:01
1920x1080,106,4200000000,H.265,1920,1080,127.167,0.020449,-1,-1,-1,18.2847,71.0187,2,2026-08-04 17:57:01
1920x1080,107,4240000000,H.265,1920,1080,120.359,0.01312,-1,-1,-1,12.644,31.1737,3,2026-08-04 17:57:01
1920x1080,108,4280000000,H.265,1920,1080,70.7297,0.01312,-1,-1,-1,15.4831,21.2617,2,2026-08-04 17:57:01
1920x1080,109,4320000000,H.265,1920,1080,102.43,0.021152,-1,-1,-1,14.9639,64.4296,3,2026-08-04 17:57:01
1920x1080,110,4360000000,H.265,1920,1080,110.672,0.021152,-1,-1,-1,16.7047,23.0678,2,2026-08-04 17:57:01
1920x1080,111,4400000000,H.265,1920,1080,85.7045,0.033313,-1,-1,-1,15.0964,26.893,2,2026-08-04 17:57:01
1920x1080,112,4440000000,H.265,1920,1080,89.3441,0.017632,-1,-1,-1,17.6228,36.0604,2,2026-08-04 17:57:01
1920x1080,113,4480000000,H.265,1920,1080,97.9633,0.022369,-1,-1,-1,15.7665,45.5883,2,2026-08-04 17:57:01
1920x1080,114,4520000000,H.265,1920,1080,97.3892,0.018273,-1,-1,-1,13.6786,37.4096,2,2026-08-04 17:57:01
1920x1080,115,4560000000,H.265,1920,1080,97.6779,0.020993,-1,-1,-1,18.7294,42.4056,2,2026-08-04 17:57:01
1920x1080,116,4600000000,H.265,1920,1080,97.3172,0.016128,-1,-1,-1,29.2885,37.9679,2,2026-08-04 17:57:01
1920x1080,117,4640000000,H.265,1920,1080,97.224,0.048449,-1,-1,-1,20.5041,42.8253,2,2026-08-04 17:57:01
1920x1080,118,4680000000,H.265,1920,1080,98.3634,0.024993,-1,-1,-1,16.0295,40.3833,2,2026-08-04 17:57:01
1920x1080,119,4720000000,H.265,1920,1080,97.4917,0.020705,-1,-1,-1,22.3385,39.0393,2,2026-08-04 17:57:01
1920x1080,120,4760000000,H.265,1920,1080,97.6789,0.020001,-1,-1,-1,16.9562,40.751,2,2026-08-04 17:57:01
1920x1080,121,4800000000,H.265,1920,1080,97.5921,0.024448,-1,-1,-1,20.1762,38.7234,2,2026-08-04 17:57:01
1920x1080,122,4840000000,H.265,1920,1080,99.2425,0.016577,-1,-1,-1,16.8976,42.5214,2,2026-08-04 17:57:01
1920x1080,123,4880000000,H.265,1920,1080,98.2785,0.020832,-1,-1,-1,17.082,37.6719,2,2026-08-04 17:57:01
1920x1080,124,4920000000,H.265,1920,1080,95.6099,0.015873,-1,-1,-1,27.0198,39.9389,2,2026-08-04 17:57:02
1920x1080,125,4960000000,H.265,1920,1080,99.0377,0.025569,-1,-1,-1,17.6192,40.8864,2,2026-08-04 17:57:02
1920x1080,126,5000000000,H.265,1920,1080,97.7177,0.020545,-1,-1,-1,14.2633,38.8441,2,2026-08-04 17:57:02
1920x1080,127,5040000000,H.265,1920,1080,96.2811,0.015104,-1,-1,-1,20.3429,39.2177,2,2026-08-04 17:57:02
1920x1080,128,5080000000,H.265,1920,1080,101.805,0.022945,-1,-1,-1,14.4342,44.324,2,2026-08-04 17:57:02
1920x1080,129,5120000000,H.265,1920,1080,103.665,0.0168,-1,-1,-1,18.0457,41.5641,2,2026-08-04 17:57:02
1920x1080,130,5160000000,H.265,1920,1080,98.6384,0.023328,-1,-1,-1,20.5207,38.6206,2,2026-08-04 17:57:02
1920x1080,131,5200000000,H.265,1920,1080,127.77,0.020801,-1,-1,-1,18.9109,71.3314,2,2026-08-04 17:57:02
1920x1080,132,5240000000,H.265,1920,1080,118.825,0.019873,-1,-1,-1,17.7236,27.6648,3,2026-08-04 17:57:02
1920x1080,133,5280000000,H.265,1920,1080,74.4932,0.019873,-1,-1,-1,16.5021,25.1785,2,2026-08-04 17:57:02
1920x1080,134,5320000000,H.265,1920,1080,95.9582,0.014976,-1,-1,-1,15.8812,53.5031,2,2026-08-04 17:57:02
1920x1080,135,5360000000,H.265,1920,1080,104.138,0.023681,-1,-1,-1,13.8209,24.8103,2,2026-08-04 17:57:02
1920x1080,136,5400000000,H.265,1920,1080,96.9444,0.022497,-1,-1,-1,17.7226,36.9692,2,2026-08-04 17:57:02
1920x1080,137,5440000000,H.265,1920,1080,95.6759,0.024225,-1,-1,-1,15.5594,36.0882,2,2026-08-04 17:57:02
1920x1080,138,5480000000,H.265,1920,1080,93.4725,0.015617,-1,-1,-1,15.9423,39.5585,2,2026-08-04 17:57:02
1920x1080,139,5520000000,H.265,1920,1080,99.6268,0.018816,-1,-1,-1,18.8412,42.1512,2,2026-08-04 17:57:02
1920x1080,140,5560000000,H.265,1920,1080,96.9338,0.019552,-1,-1,-1,15.3975,36.9611,2,2026-08-04 17:57:02
1920x1080,141,5600000000,H.265,1920,1080,97.5395,0.021408,-1,-1,-1,15.7819,42.6781,2,2026-08-04 17:57:02
1920x1080,142,5640000000,H.265,1920,1080,98.1658,0.024193,-1,-1,-1,13.6023,38.8267,2,2026-08-04 17:57:02
1920x1080,143,5680000000,H.265,1920,1080,98.2127,0.022304,-1,-1,-1,16.121,41.6343,2,2026-08-04 17:57:02
1920x1080,144,5720000000,H.265,1920,1080,95.5433,0.022625,-1,-1,-1,17.2702,38.15,2,2026-08-04 17:57:02
1920x1080,145,5760000000,H.265,1920,1080,96.274,0.030081,-1,-1,-1,18.059,40.2421,2,2026-08-04 17:57:02
1920x1080,146,5800000000,H.265,1920,1080,97.101,0.020289,-1,-1,-1,16.9431,40.1968,2,2026-08-04 17:57:02
1920x1080,147,5840000000,H.265,1920,1080,97.7655,0.023169,-1,-1,-1,15.6353,40.3909,2,2026-08-04 17:57:02
1920x1080,148,5880000000,H.265,1920,1080,98.208,0.024192,-1,-1,-1,15.6007,39.9725,2,2026-08-04 17:57:02
1920x1080,149,5920000000,H.265,1920,1080,95.4944,0.016225,-1,-1,-1,17.0696,39.6646,2,2026-08-04 17:57:03
1920x1080,150,5960000000,H.265,1920,1080,95.4852,0.022465,-1,-1,-1,15.6604,38.0457,2,2026-08-04 17:57:03
1920x1080,151,6000000000,H.265,1920,1080,98.6895,0.019584,-1,-1,-1,18.2173,43.4928,2,2026-08-04 17:57:03
1920x1080,152,6040000000,H.265,1920,1080,95.4759,0.019553,-1,-1,-1,17.4568,36.0555,2,2026-08-04 17:57:03
1920x1080,153,6080000000,H.265,1920,1080,96.2476,0.020225,-1,-1,-1,15.3031,42.6543,2,2026-08-04 17:57:03
1920x1080,154,6120000000,H.265,1920,1080,99.2157,0.022113,-1,-1,-1,17.2841,40.8812,2,2026-08-04 17:57:03
1920x1080,155,6160000000,H.265,1920,1080,101.057,0.01664,-1,-1,-1,15.7746,42.2986,2,2026-08-04 17:57:03
1920x1080,156,6200000000,H.265,1920,1080,126.875,0.021473,-1,-1,-1,15.9944,68.6571,2,2026-08-04 17:57:03
1920x1080,157,6240000000,H.265,1920,1080,114.959,0.01664,-1,-1,-1,12.789,27.5011,2,2026-08-04 17:57:03
1920x1080,158,6280000000,H.265,1920,1080,66.9052,0.015776,-1,-1,-1,15.1717,20.9517,2,2026-08-04 17:57:03
1920x1080,159,6320000000,H.265,1920,1080,92.7793,0.014113,-1,-1,-1,15.2475,55.5223,2,2026-08-04 17:57:03
1920x1080,160,6360000000,H.265,1920,1080,100.088,0.020224,-1,-1,-1,12.6653,25.1132,2,2026-08-04 17:57:03
1920x1080,161,6400000000,H.265,1920,1080,100.165,0.017025,-1,-1,-1,17.9043,40.5769,2,2026-08-04 17:57:03
1920x1080,162,6440000000,H.265,1920,1080,94.7486,0.021057,-1,-1,-1,17.3173,36.7821,2,2026-08-04 17:57:03
1920x1080,163,6480000000,H.265,1920,1080,94.7916,0.016961,-1,-1,-1,15.2105,40.284,2,2026-08-04 17:57:03
1920x1080,164,6520000000,H.265,1920,1080,98.831,0.014656,-1,-1,-1,17.2758,40.8344,2,2026-08-04 17:57:03
1920x1080,165,6560000000,H.265,1920,1080,98.0288,0.020225,-1,-1,-1,15.1857,39.2505,2,2026-08-04 17:57:03
1920x1080,166,6600000000,H.265,1920,1080,98.5153,0.015713,-1,-1,-1,15.1376,41.4004,2,2026-08-04 17:57:03
1920x1080,167,6640000000,H.265,1920,1080,100.362,0.020641,-1,-1,-1,15.5402,40.9075,2,2026-08-04 17:57:03
1920x1080,168,6680000000,H.265,1920,1080,92.6828,0.019937,-1,-1,-1,15.0712,34.1441,2,2026-08-04 17:57:03
1920x1080,169,6720000000,H.265,1920,1080,96.8299,0.020929,-1,-1,-1,17.0642,45.1622,2,2026-08-04 17:57:03
1920x1080,170,6760000000,H.265,1920,1080,98.0596,0.024225,-1,-1,-1,15.9193,39.15,2,2026-08-04 17:57:03
1920x1080,171,6800000000,H.265,1920,1080,93.9481,0.021536,-1,-1,-1,11.4514,39.1602,2,2026-08-04 17:57:03
1920x1080,172,6840000000,H.265,1920,1080,95.6279,0.044353,-1,-1,-1,16.2193,40.2428,2,2026-08-04 17:57:03
1920x1080,173,6880000000,H.265,1920,1080,101.847,0.038017,-1,-1,-1,15.2633,43.7117,2,2026-08-04 17:57:03
1920x1080,174,6920000000,H.265,1920,1080,96.4033,0.015361,-1,-1,-1,17.3069,36.3351,2,2026-08-04 17:57:04
1920x1080,175,6960000000,H.265,1920,1080,95.266,0.019969,-1,-1,-1,15.743,40.9409,2,2026-08-04 17:57:04
1920x1080,176,7000000000,H.265,1920,1080,98.142,0.022337,-1,-1,-1,16.018,40.5069,2,2026-08-04 17:57:04
1920x1080,177,7040000000,H.265,1920,1080,94.312,0.021792,-1,-1,-1,17.6936,36.6905,2,2026-08-04 17:57:04
1920x1080,178,7080000000,H.265,1920,1080,97.829,0.022145,-1,-1,-1,15.1431,43.4961,2,2026-08-04 17:57:04
1920x1080,179,7120000000,H.265,1920,1080,96.9989,0.015776,-1,-1,-1,15.4098,37.8805,2,2026-08-04 17:57:04
1920x1080,180,7160000000,H.265,1920,1080,96.1161,0.013984,-1,-1,-1,15.6128,40.6136,2,2026-08-04 17:57:04
1920x1080,181,7200000000,H.265,1920,1080,130.52,0.09021,-1,-1,-1,18.6725,73.1023,2,2026-08-04 17:57:04
1920x1080,182,7240000000,H.265,1920,1080,123.143,0.013057,-1,-1,-1,15.4685,32.9868,3,2026-08-04 17:57:04
1920x1080,183,7280000000,H.265,1920,1080,76.6519,0.013057,-1,-1,-1,18.2227,25.2209,2,2026-08-04 17:57:04
1920x1080,184,7320000000,H.265,1920,1080,96.3501,0.023009,-1,-1,-1,15.7605,50.4777,2,2026-08-04 17:57:04
1920x1080,185,7360000000,H.265,1920,1080,104.82,0.020641,-1,-1,-1,13.7742,25.2933,2,2026-08-04 17:57:04
1920x1080,186,7400000000,H.265,1920,1080,95.8664,0.01472,-1,-1,-1,15.5506,33.7734,2,2026-08-04 17:57:04
1920x1080,187,7440000000,H.265,1920,1080,98.284,0.028129,-1,-1,-1,15.4092,39.8488,2,2026-08-04 17:57:04
1920x1080,188,7480000000,H.265,1920,1080,96.9042,0.022273,-1,-1,-1,16.0661,39.2211,2,2026-08-04 17:57:04
1920x1080,189,7520000000,H.265,1920,1080,98.2986,0.015808,-1,-1,-1,16.8889,41.0794,2,2026-08-04 17:57:04
1920x1080,190,7560000000,H.265,1920,1080,98.1882,0.026112,-1,-1,-1,15.4951,39.0497,2,2026-08-04 17:57:04
1920x1080,191,7600000000,H.265,1920,1080,98.3089,0.023681,-1,-1,-1,11.6629,41.1728,2,2026-08-04 17:57:04
1920x1080,192,7640000000,H.265,1920,1080,100.932,0.023585,-1,-1,-1,15.9563,41.5322,2,2026-08-04 17:57:04
1920x1080,193,7680000000,H.265,1920,1080,98.8322,0.021057,-1,-1,-1,15.0792,39.3768,2,2026-08-04 17:57:04
1920x1080,194,7720000000,H.265,1920,1080,95.4542,0.01392,-1,-1,-1,17.1084,38.0259,2,2026-08-04 17:57:04
1920x1080,195,7760000000,H.265,1920,1080,100.236,0.015072,-1,-1,-1,15.5265,44.4092,2,2026-08-04 17:57:04
1920x1080,196,7800000000,H.265,1920,1080,98.0977,0.024832,-1,-1,-1,14.9462,35.687,2,2026-08-04 17:57:04
1920x1080,197,7840000000,H.265,1920,1080,96.3968,0.024737,-1,-1,-1,15.674,41.1804,2,2026-08-04 17:57:04
1920x1080,198,7880000000,H.265,1920,1080,97.6727,0.021793,-1,-1,-1,15.9276,38.8795,2,2026-08-04 17:57:04
1920x1080,199,7920000000,H.265,1920,1080,96.4163,0.015456,-1,-1,-1,17.1097,41.1816,2,2026-08-04 17:57:05
1920x1080,200,7960000000,H.265,1920,1080,98.1892,0.021344,-1,-1,-1,15.5165,39.0035,2,2026-08-04 17:57:05
1920x1080,201,8000000000,H.265,1920,1080,96.4604,0.018529,-1,-1,-1,18.4586,41.9504,2,2026-08-04 17:57:05
1920x1080,202,8040000000,H.265,1920,1080,97.5684,0.023616,-1,-1,-1,21.3557,38.2534,2,2026-08-04 17:57:05
1920x1080,203,8080000000,H.265,1920,1080,98.262,0.029441,-1,-1,-1,14.126,41.8129,2,2026-08-04 17:57:05
1920x1080,204,8120000000,H.265,1920,1080,99.8037,0.02272,-1,-1,-1,16.0841,40.1382,2,2026-08-04 17:57:05
1920x1080,205,8160000000,H.265,1920,1080,96.8043,0.016641,-1,-1,-1,15.962,38.9438,2,2026-08-04 17:57:05
1920x1080,206,8200000000,H.265,1920,1080,105.479,0.022048,-1,-1,-1,15.8651,47.8877,2,2026-08-04 17:57:05
1920x1080,207,8240000000,H.265,1920,1080,117.271,0.020992,-1,-1,-1,16.3393,51.9588,2,2026-08-04 17:57:05
1920x1080,208,8280000000,H.265,1920,1080,95.5977,0.012704,-1,-1,-1,12.512,26.07,2,2026-08-04 17:57:05
1920x1080,209,8320000000,H.265,1920,1080,98.4187,0.022273,-1,-1,-1,15.6818,53.7523,2,2026-08-04 17:57:05
1920x1080,210,8360000000,H.265,1920,1080,103.812,0.018913,-1,-1,-1,10.9914,24.7282,2,2026-08-04 17:57:05
1920x1080,211,8400000000,H.265,1920,1080,98.7208,0.023841,-1,-1,-1,17.869,37.0629,2,2026-08-04 17:57:05
1920x1080,212,8440000000,H.265,1920,1080,99.2968,0.021313,-1,-1,-1,16.0762,38.1456,2,2026-08-04 17:57:05
1920x1080,213,8480000000,H.265,1920,1080,93.3342,0.020033,-1,-1,-1,16.0436,37.7789,2,2026-08-04 17:57:05
1920x1080,214,8520000000,H.265,1920,1080,94.6651,0.016929,-1,-1,-1,13.8571,40.0772,2,2026-08-04 17:57:05
1920x1080,215,8560000000,H.265,1920,1080,96.3331,0.015808,-1,-1,-1,21.2905,39.5015,2,2026-08-04 17:57:05
1920x1080,216,8600000000,H.265,1920,1080,95.8119,0.021057,-1,-1,-1,16.2879,40.5243,2,2026-08-04 17:57:05
1920x1080,217,8640000000,H.265,1920,1080,97.4817,0.019489,-1,-1,-1,16.9741,40.7687,2,2026-08-04 17:57:05
1920x1080,218,8680000000,H.265,1920,1080,98.3154,0.015648,-1,-1,-1,13.8235,41.8449,2,2026-08-04 17:57:05
1920x1080,219,8720000000,H.265,1920,1080,95.7462,0.016896,-1,-1,-1,25.7393,37.6401,2,2026-08-04 17:57:05
1920x1080,220,8760000000,H.265,1920,1080,93.1695,0.021473,-1,-1,-1,21.3844,39.4346,2,2026-08-04 17:57:05
1920x1080,221,8800000000,H.265,1920,1080,96.2874,0.028929,-1,-1,-1,15.7824,40.8087,2,2026-08-04 17:57:05
1920x1080,222,8840000000,H.265,1920,1080,99.6166,0.022337,-1,-1,-1,22.6409,42.6856,2,2026-08-04 17:57:05
1920x1080,223,8880000000,H.265,1920,1080,94.4286,0.022593,-1,-1,-1,18.3493,35.7532,2,2026-08-04 17:57:05
1920x1080,224,8920000000,H.265,1920,1080,95.6313,0.017185,-1,-1,-1,21.08,43.0589,2,2026-08-04 17:57:06
1920x1080,225,8960000000,H.265,1920,1080,97.6284,0.027009,-1,-1,-1,19.7942,39.3476,2,2026-08-04 17:57:06
1920x1080,226,9000000000,H.265,1920,1080,94.406,0.015584,-1,-1,-1,14.8591,38.8631,2,2026-08-04 17:57:06
1920x1080,227,9040000000,H.265,1920,1080,96.2035,0.024225,-1,-1,-1,22.6565,40.2068,2,2026-08-04 17:57:06
1920x1080,228,9080000000,H.265,1920,1080,99.3241,0.016577,-1,-1,-1,14.6012,43.3142,2,2026-08-04 17:57:06
1920x1080,229,9120000000,H.265,1920,1080,98.7517,0.020288,-1,-1,-1,17.9814,38.5986,2,2026-08-04 17:57:06
1920x1080,230,9160000000,H.265,1920,1080,97.0587,0.025632,-1,-1,-1,17.1282,40.7583,2,2026-08-04 17:57:06
1920x1080,231,9200000000,H.265,1920,1080,129.087,0.016929,-1,-1,-1,25.8836,70.2457,2,2026-08-04 17:57:06
1920x1080,232,9240000000,H.265,1920,1080,123.347,0.014849,-1,-1,-1,25.0175,35.3394,3,2026-08-04 17:57:06
1920x1080,233,9280000000,H.265,1920,1080,87.0849,0.014849,-1,-1,-1,15.3624,34.2208,2,2026-08-04 17:57:06
1920x1080,234,9320000000,H.265,1920,1080,90.0861,0.013664,-1,-1,-1,14.8254,34.9004,2,2026-08-04 17:57:06
1920x1080,235,9360000000,H.265,1920,1080,95.6689,0.021184,-1,-1,-1,13.9744,21.4727,2,2026-08-04 17:57:06
1920x1080,236,9400000000,H.265,1920,1080,105.034,0.021729,-1,-1,-1,16.5607,49.2493,2,2026-08-04 17:57:06
1920x1080,237,9440000000,H.265,1920,1080,94.9654,0.018784,-1,-1,-1,13.6307,30.0246,2,2026-08-04 17:57:06
1920x1080,238,9480000000,H.265,1920,1080,91.7161,0.020224,-1,-1,-1,15.0765,43.8547,2,2026-08-04 17:57:06
1920x1080,239,9520000000,H.265,1920,1080,98.663,0.018272,-1,-1,-1,16.8348,39.1541,2,2026-08-04 17:57:06
1920x1080,240,9560000000,H.265,1920,1080,93.9652,0.019584,-1,-1,-1,16.062,36.9927,2,2026-08-04 17:57:06
1920x1080,241,9600000000,H.265,1920,1080,97.5606,0.022753,-1,-1,-1,15.4141,44.4277,2,2026-08-04 17:57:06
1920x1080,242,9640000000,H.265,1920,1080,100.583,0.015936,-1,-1,-1,15.8992,40.4309,2,2026-08-04 17:57:06
1920x1080,243,9680000000,H.265,1920,1080,94.358,0.020864,-1,-1,-1,13.3214,36.7835,2,2026-08-04 17:57:06
1920x1080,244,9720000000,H.265,1920,1080,93.3712,0.020257,-1,-1,-1,15.651,40.7053,2,2026-08-04 17:57:06
1920x1080,245,9760000000,H.265,1920,1080,97.0068,0.021729,-1,-1,-1,15.6955,40.4248,2,2026-08-04 17:57:06
1920x1080,246,9800000000,H.265,1920,1080,97.7532,0.021984,-1,-1,-1,15.387,39.9331,2,2026-08-04 17:57:06
1920x1080,247,9840000000,H.265,1920,1080,95.8233,0.022432,-1,-1,-1,16.054,39.5665,2,2026-08-04 17:57:06
1920x1080,248,9880000000,H.265,1920,1080,97.4369,0.022433,-1,-1,-1,16.1446,40.2698,2,2026-08-04 17:57:06
1920x1080,249,9920000000,H.265,1920,1080,96.2604,0.014048,-1,-1,-1,15.4593,39.3005,2,2026-08-04 17:57:07
1920x1080,250,9960000000,H.265,1920,1080,95.0623,0.020384,-1,-1,-1,15.5652,38.445,2,2026-08-04 17:57:07
1920x1080,251,10000000000,H.265,1920,1080,97.2989,0.015424,-1,-1,-1,16.1551,42.0185,2,2026-08-04 17:57:07
1920x1080,252,10040000000,H.265,1920,1080,97.7878,0.020673,-1,-1,-1,15.4612,39.9612,2,2026-08-04 17:57:07
1920x1080,253,10080000000,H.265,1920,1080,97.2713,0.021953,-1,-1,-1,12.6566,40.2131,2,2026-08-04 17:57:07
1920x1080,254,10120000000,H.265,1920,1080,102.213,0.024993,-1,-1,-1,16.2236,44.2052,2,2026-08-04 17:57:07
1920x1080,255,10160000000,H.265,1920,1080,99.3588,0.022048,-1,-1,-1,16.7092,37.4621,2,2026-08-04 17:57:07
1920x1080,256,10200000000,H.265,1920,1080,102.02,0.021281,-1,-1,-1,16.0689,46.884,2,2026-08-04 17:57:07
1920x1080,257,10240000000,H.265,1920,1080,119.604,0.016576,-1,-1,-1,16.0319,54.9964,3,2026-08-04 17:57:07
1920x1080,258,10280000000,H.265,1920,1080,96.4936,0.016576,-1,-1,-1,13.9934,24.1068,2,2026-08-04 17:57:07
1920x1080,259,10320000000,H.265,1920,1080,96.8445,0.021249,-1,-1,-1,16.5618,53.6811,2,2026-08-04 17:57:07
1920x1080,260,10360000000,H.265,1920,1080,103.96,0.013984,-1,-1,-1,13.0724,24.7821,2,2026-08-04 17:57:07
1920x1080,261,10400000000,H.265,1920,1080,94.259,0.016353,-1,-1,-1,16.0136,32.8305,2,2026-08-04 17:57:07
1920x1080,262,10440000000,H.265,1920,1080,95.98,0.020737,-1,-1,-1,17.6408,39.1223,2,2026-08-04 17:57:07
1920x1080,263,10480000000,H.265,1920,1080,99.1255,0.014368,-1,-1,-1,11.1139,43.7612,2,2026-08-04 17:57:07
1920x1080,264,10520000000,H.265,1920,1080,97.6437,0.020641,-1,-1,-1,17.4901,37.8524,2,2026-08-04 17:57:07
1920x1080,265,10560000000,H.265,1920,1080,94.5492,0.023649,-1,-1,-1,16.293,38.4268,2,2026-08-04 17:57:07
1920x1080,266,10600000000,H.265,1920,1080,99.7983,0.019073,-1,-1,-1,15.489,44.6305,2,2026-08-04 17:57:07
1920x1080,267,10640000000,H.265,1920,1080,97.2665,0.019584,-1,-1,-1,17.9361,36.3942,2,2026-08-04 17:57:07
1920x1080,268,10680000000,H.265,1920,1080,95.5027,0.02576,-1,-1,-1,15.7023,41.5832,2,2026-08-04 17:57:07
1920x1080,269,10720000000,H.265,1920,1080,96.3104,0.018849,-1,-1,-1,15.1584,37.9158,2,2026-08-04 17:57:07
1920x1080,270,10760000000,H.265,1920,1080,98.1481,0.028129,-1,-1,-1,15.4332,42.1684,2,2026-08-04 17:57:07
1920x1080,271,10800000000,H.265,1920,1080,98.4804,0.019296,-1,-1,-1,14.7433,39.3923,2,2026-08-04 17:57:07
1920x1080,272,10840000000,H.265,1920,1080,94.4695,0.029569,-1,-1,-1,15.7775,39.0443,2,2026-08-04 17:57:07
1920x1080,273,10880000000,H.265,1920,1080,97.823,0.015136,-1,-1,-1,12.095,41.2314,2,2026-08-04 17:57:07
1920x1080,274,10920000000,H.265,1920,1080,97.5849,0.024097,-1,-1,-1,17.9285,41.2925,2,2026-08-04 17:57:08
1920x1080,275,10960000000,H.265,1920,1080,95.2982,0.022368,-1,-1,-1,15.6063,36.6991,2,2026-08-04 17:57:08
1920x1080,276,11000000000,H.265,1920,1080,94.1493,0.022529,-1,-1,-1,15.3227,41.4081,2,2026-08-04 17:57:08
1920x1080,277,11040000000,H.265,1920,1080,95.8435,0.022753,-1,-1,-1,17.4914,37.9951,2,2026-08-04 17:57:08
1920x1080,278,11080000000,H.265,1920,1080,99.8266,0.019585,-1,-1,-1,16.305,44.6814,2,2026-08-04 17:57:08
1920x1080,279,11120000000,H.265,1920,1080,97.1627,0.017601,-1,-1,-1,15.2741,36.7444,2,2026-08-04 17:57:08
1920x1080,280,11160000000,H.265,1920,1080,93.665,0.021249,-1,-1,-1,16.2709,39.2224,2,2026-08-04 17:57:08
1920x1080,281,11200000000,H.265,1920,1080,105.365,0.023201,-1,-1,-1,17.8574,49.0895,2,2026-08-04 17:57:08
1920x1080,282,11240000000,H.265,1920,1080,115.814,0.022945,-1,-1,-1,14.6727,51.4008,2,2026-08-04 17:57:08
1920x1080,283,11280000000,H.265,1920,1080,92.2439,0.018561,-1,-1,-1,11.2962,24.2367,2,2026-08-04 17:57:08
1920x1080,284,11320000000,H.265,1920,1080,100.853,0.019584,-1,-1,-1,15.4811,60.0141,2,2026-08-04 17:57:08
1920x1080,285,11360000000,H.265,1920,1080,102.87,0.016897,-1,-1,-1,12.9331,22.097,2,2026-08-04 17:57:08
1920x1080,286,11400000000,H.265,1920,1080,91.8854,0.017408,-1,-1,-1,14.9136,33.336,2,2026-08-04 17:57:08
1920x1080,287,11440000000,H.265,1920,1080,92.9652,0.01712,-1,-1,-1,17.0084,39.7893,2,2026-08-04 17:57:08
1920x1080,288,11480000000,H.265,1920,1080,96.6417,0.02416,-1,-1,-1,15.879,41.713,2,2026-08-04 17:57:08
1920x1080,289,11520000000,H.265,1920,1080,99.4653,0.021953,-1,-1,-1,17.89,41.4452,2,2026-08-04 17:57:08
1920x1080,290,11560000000,H.265,1920,1080,95.1906,0.021792,-1,-1,-1,15.9718,36.2893,2,2026-08-04 17:57:08
1920x1080,291,11600000000,H.265,1920,1080,95.2377,0.02128,-1,-1,-1,16.5914,42.5131,2,2026-08-04 17:57:08
1920x1080,292,11640000000,H.265,1920,1080,99.924,0.022977,-1,-1,-1,16.1055,41.4228,2,2026-08-04 17:57:08
1920x1080,293,11680000000,H.265,1920,1080,97.0898,0.021793,-1,-1,-1,16.2731,38.0413,2,2026-08-04 17:57:08
1920x1080,294,11720000000,H.265,1920,1080,95.7485,0.020385,-1,-1,-1,17.7035,40.5673,2,2026-08-04 17:57:08
1920x1080,295,11760000000,H.265,1920,1080,96.5469,0.021088,-1,-1,-1,15.2093,39.1587,2,2026-08-04 17:57:08
1920x1080,296,11800000000,H.265,1920,1080,97.165,0.023009,-1,-1,-1,17.1314,40.7677,2,2026-08-04 17:57:08
1920x1080,297,11840000000,H.265,1920,1080,96.8837,0.024993,-1,-1,-1,16.0471,39.5725,2,2026-08-04 17:57:08
1920x1080,298,11880000000,H.265,1920,1080,96.8332,0.022272,-1,-1,-1,16.2876,39.8065,2,2026-08-04 17:57:08
1920x1080,299,11920000000,H.265,1920,1080,97.3401,0.016736,-1,-1,-1,17.5815,40.6616,2,2026-08-04 17:57:09
1920x1080,300,11960000000,H.265,1920,1080,96.5508,0.051586,-1,-1,-1,16.314,38.6938,2,2026-08-04 17:57:09
1920x1080,301,12000000000,H.265,1920,1080,97.0689,0.023489,-1,-1,-1,20.4159,41.5405,2,2026-08-04 17:57:09
1920x1080,302,12040000000,H.265,1920,1080,97.7967,0.024608,-1,-1,-1,21.6403,39.8338,2,2026-08-04 17:57:09
1920x1080,303,12080000000,H.265,1920,1080,96.3348,0.022369,-1,-1,-1,18.6963,38.4007,2,2026-08-04 17:57:09
1920x1080,304,12120000000,H.265,1920,1080,97.5367,0.020641,-1,-1,-1,16.6301,43.2927,2,2026-08-04 17:57:09
1920x1080,305,12160000000,H.265,1920,1080,95.2701,0.015937,-1,-1,-1,16.1781,36.6051,2,2026-08-04 17:57:09
1920x1080,306,12200000000,H.265,1920,1080,101.744,0.023169,-1,-1,-1,16.6499,49.8328,2,2026-08-04 17:57:09
1920x1080,307,12240000000,H.265,1920,1080,120.87,0.011968,-1,-1,-1,16.5273,55.871,3,2026-08-04 17:57:09
1920x1080,308,12280000000,H.265,1920,1080,99.3023,0.011968,-1,-1,-1,14.9303,26.3757,2,2026-08-04 17:57:09
1920x1080,309,12320000000,H.265,1920,1080,98.8121,0.145092,-1,-1,-1,16.0565,53.2801,2,2026-08-04 17:57:09
1920x1080,310,12360000000,H.265,1920,1080,108.363,0.020384,-1,-1,-1,12.795,25.7908,2,2026-08-04 17:57:09
1920x1080,311,12400000000,H.265,1920,1080,99.937,0.021793,-1,-1,-1,17.7745,35.2183,2,2026-08-04 17:57:09
1920x1080,312,12440000000,H.265,1920,1080,95.1836,0.016833,-1,-1,-1,16.724,34.3543,2,2026-08-04 17:57:09
1920x1080,313,12480000000,H.265,1920,1080,92.5999,0.015104,-1,-1,-1,16.0223,40.6655,2,2026-08-04 17:57:09
1920x1080,314,12520000000,H.265,1920,1080,100.617,0.014816,-1,-1,-1,18.9397,42.8335,2,2026-08-04 17:57:09
1920x1080,315,12560000000,H.265,1920,1080,100.126,0.026625,-1,-1,-1,16.9019,39.8382,2,2026-08-04 17:57:09
1920x1080,316,12600000000,H.265,1920,1080,95.0891,0.022881,-1,-1,-1,14.3872,37.6796,2,2026-08-04 17:57:09
1920x1080,317,12640000000,H.265,1920,1080,96.5957,0.018177,-1,-1,-1,17.8501,39.8675,2,2026-08-04 17:57:09
1920x1080,318,12680000000,H.265,1920,1080,97.6414,0.014561,-1,-1,-1,19.1695,39.9684,2,2026-08-04 17:57:09
1920x1080,319,12720000000,H.265,1920,1080,97.8736,0.015488,-1,-1,-1,24.277,39.6526,2,2026-08-04 17:57:09
1920x1080,320,12760000000,H.265,1920,1080,96.3288,0.027873,-1,-1,-1,16.8694,38.769,2,2026-08-04 17:57:09
1920x1080,321,12800000000,H.265,1920,1080,98.2584,0.024832,-1,-1,-1,16.6478,41.6384,2,2026-08-04 17:57:09
1920x1080,322,12840000000,H.265,1920,1080,96.8464,0.01808,-1,-1,-1,18.9178,39.5964,2,2026-08-04 17:57:09
1920x1080,323,12880000000,H.265,1920,1080,98.4742,0.024129,-1,-1,-1,18.7897,41.7818,2,2026-08-04 17:57:09
1920x1080,324,12920000000,H.265,1920,1080,100.328,0.020353,-1,-1,-1,18.915,41.3332,2,2026-08-04 17:57:10
1920x1080,325,12960000000,H.265,1920,1080,97.0012,0.023617,-1,-1,-1,17.8645,37.4761,2,2026-08-04 17:57:10
1920x1080,326,13000000000,H.265,1920,1080,95.6874,0.022369,-1,-1,-1,12.4954,40.3687,2,2026-08-04 17:57:10
1920x1080,327,13040000000,H.265,1920,1080,97.5214,0.021409,-1,-1,-1,18.7958,39.2803,2,2026-08-04 17:57:10
